Ref,Val,Package,PosX,PosY,Rot,Side
"C124","0.1uF","C_0603_1608Metric",66.165000,-169.900000,0.000000,bottom
"C125","0.1uF","C_0603_1608Metric",78.960000,-166.310000,180.000000,bottom
"C128","0.1uF","C_0603_1608Metric",90.030000,-167.040000,0.000000,bottom
"C130","0.1uF","C_0603_1608Metric",69.690000,-157.475000,-90.000000,bottom
"C131","0.1uF","C_0603_1608Metric",75.810000,-157.485000,-90.000000,bottom
"C136","10uF","C_0603_1608Metric",71.200000,-171.470000,-90.000000,bottom
"C137","0.1uF","C_0603_1608Metric",72.720000,-171.470000,-90.000000,bottom
"C138","10uF","C_0603_1608Metric",72.730000,-157.475000,90.000000,bottom
"C139","0.1uF","C_0603_1608Metric",71.210000,-157.475000,90.000000,bottom
"C140","0.1uF","C_0603_1608Metric",37.790000,-147.680000,180.000000,bottom
"C141","0.1uF","C_0603_1608Metric",39.340000,-142.225000,-90.000000,bottom
"C142","0.1uF","C_0603_1608Metric",25.095000,-152.750000,0.000000,bottom
"C143","0.1uF","C_0603_1608Metric",25.095000,-155.820000,0.000000,bottom
"C144","0.1uF","C_0603_1608Metric",33.800000,-141.735000,-90.000000,bottom
"C145","0.1uF","C_0603_1608Metric",25.095000,-154.290000,0.000000,bottom
"C146","0.1uF","C_0603_1608Metric",32.830000,-155.735000,90.000000,bottom
"C147","0.1uF","C_0603_1608Metric",37.785000,-149.220000,180.000000,bottom
"C148","0.1uF","C_0603_1608Metric",27.670000,-141.735000,-90.000000,bottom
"C149","10uF","C_0603_1608Metric",29.730000,-155.735000,-90.000000,bottom
"C150","0.1uF","C_0603_1608Metric",28.190000,-155.735000,-90.000000,bottom
"C151","10uF","C_0603_1608Metric",29.200000,-141.735000,90.000000,bottom
"C152","0.1uF","C_0603_1608Metric",30.740000,-141.735000,90.000000,bottom
"C202","0.047uF","C_0603_1608Metric",208.780000,-115.845000,90.000000,bottom
"C203","0.047uF","C_0603_1608Metric",206.245000,-115.845000,90.000000,bottom
"C204","0.047uF","C_0603_1608Metric",201.140000,-115.855000,90.000000,bottom
"C205","0.047uF","C_0603_1608Metric",198.600000,-115.840000,90.000000,bottom
"C206","0.1uF","C_0603_1608Metric",287.120000,-30.675000,90.000000,bottom
"C208","0.1uF","C_0603_1608Metric",272.290000,-29.745000,90.000000,bottom
"C209","0.1uF","C_0603_1608Metric",286.940000,-51.465000,-90.000000,bottom
"C210","0.01uF","C_0603_1608Metric",285.400000,-51.480000,-90.000000,bottom
"C219","0.1uF","C_0603_1608Metric",291.765000,-39.230000,0.000000,bottom
"C224","0.1uF","C_0603_1608Metric",256.035000,-104.020000,180.000000,bottom
"C225","0.1uF","C_0603_1608Metric",233.175000,-114.720000,180.000000,bottom
"C226","0.1uF","C_0603_1608Metric",274.405000,-40.710000,0.000000,bottom
"C228","0.1uF","C_0603_1608Metric",267.775000,-37.140000,180.000000,bottom
"C230","0.1uF","C_0603_1608Metric",271.320000,-128.300000,180.000000,bottom
"C261","0.1uF","C_0603_1608Metric",253.425000,-60.090000,0.000000,bottom
"C267","0.1uF","C_0603_1608Metric",169.040000,-163.930000,-90.000000,bottom
"C300","0.22uF","C_0603_1608Metric",192.755000,-128.300000,180.000000,bottom
"C301","100pF","C_0603_1608Metric",192.755000,-131.310000,180.000000,bottom
"C306","0.1uF","C_0603_1608Metric",107.735000,-62.920000,0.000000,bottom
"C317","0.1uF","C_0603_1608Metric",186.080000,-24.635000,90.000000,bottom
"C420","0.1uF","C_0603_1608Metric",32.100000,-215.405000,90.000000,bottom
"C421","0.1uF","C_0603_1608Metric",46.455000,-201.600000,0.000000,bottom
"C429","0.1uF","C_0603_1608Metric",33.485000,-209.600000,0.000000,bottom
"C430","0.1uF","C_0603_1608Metric",46.460000,-204.640000,180.000000,bottom
"C432","0.1uF","C_0603_1608Metric",46.495000,-214.950000,180.000000,bottom
"C434","0.1uF","C_0603_1608Metric",46.465000,-203.120000,180.000000,bottom
"C435","0.1uF","C_0603_1608Metric",43.120000,-215.775000,90.000000,bottom
"C436","0.1uF","C_0603_1608Metric",40.040000,-215.775000,-90.000000,bottom
"C437","10uF","C_0603_1608Metric",41.580000,-215.775000,-90.000000,bottom
"C438","0.1uF","C_0603_1608Metric",42.130000,-201.655000,90.000000,bottom
"C439","10uF","C_0603_1608Metric",40.560000,-201.655000,90.000000,bottom
"C615","0.1uF","C_0603_1608Metric",109.180000,-77.710000,0.000000,bottom
"C616","0.1uF","C_0603_1608Metric",109.185000,-76.170000,0.000000,bottom
"C719","0.1uF","C_0603_1608Metric",109.675000,-179.565000,-90.000000,bottom
"C720","0.1uF","C_0603_1608Metric",115.290000,-179.825000,90.000000,bottom
"C721","0.1uF","C_0603_1608Metric",114.100000,-187.140000,180.000000,bottom
"C722","0.1uF","C_0603_1608Metric",103.525000,-179.565000,-90.000000,bottom
"C723","0.1uF","C_0603_1608Metric",102.800000,-191.565000,90.000000,bottom
"C724","0.1uF","C_0603_1608Metric",114.100000,-185.615000,180.000000,bottom
"C727","0.1uF","C_0603_1608Metric",101.280000,-188.565000,90.000000,bottom
"C728","0.1uF","C_0603_1608Metric",106.590000,-179.565000,90.000000,bottom
"C729","10uF","C_0603_1608Metric",105.050000,-179.565000,90.000000,bottom
"C730","0.1uF","C_0603_1608Metric",105.850000,-191.565000,-90.000000,bottom
"C735","10uF","C_0603_1608Metric",104.325000,-191.565000,-90.000000,bottom
"C812","0.1uF","C_0603_1608Metric",153.015000,-220.790000,180.000000,bottom
"C814","0.1uF","C_0603_1608Metric",141.460000,-191.575000,-90.000000,bottom
"C815","0.1uF","C_0603_1608Metric",141.410000,-184.925000,-90.000000,bottom
"C822","0.1uF","C_0603_1608Metric",22.680000,-128.440000,0.000000,bottom
"C823","0.1uF","C_0603_1608Metric",30.645000,-128.170000,0.000000,bottom
"C824","0.1uF","C_0603_1608Metric",142.970000,-184.930000,-90.000000,bottom
"C825","0.1uF","C_0603_1608Metric",143.000000,-191.580000,-90.000000,bottom
"C900","0.1uF","C_0603_1608Metric",132.900000,-150.080000,180.000000,bottom
"C901","0.1uF","C_0603_1608Metric",133.285000,-139.840000,180.000000,bottom
"C902","0.1uF","C_0603_1608Metric",134.015000,-131.240000,180.000000,bottom
"C904","0.1uF","C_0603_1608Metric",132.960000,-124.070000,180.000000,bottom
"C905","0.1uF","C_0603_1608Metric",133.065000,-112.140000,180.000000,bottom
"C906","0.1uF","C_0603_1608Metric",132.325000,-103.990000,180.000000,bottom
"R156","100R","R_0603_1608Metric",74.270000,-157.475000,-90.000000,bottom
"R157","100R","R_0603_1608Metric",74.240000,-171.470000,90.000000,bottom
"R160","100R","R_0603_1608Metric",32.270000,-141.735000,-90.000000,bottom
"R161","100R","R_0603_1608Metric",31.270000,-155.735000,90.000000,bottom
"R201","470R","R_0603_1608Metric",278.940000,-24.155000,-90.000000,bottom
"R202","10k","R_0603_1608Metric",273.970000,-29.755000,90.000000,bottom
"R217","22R","R_0603_1608Metric",33.485000,-211.920000,180.000000,bottom
"R218","68R","R_0603_1608Metric",91.285000,-188.710000,180.000000,bottom
"R223","10k","R_0603_1608Metric",194.470000,-148.980000,-90.000000,bottom
"R224","1k","R_0603_1608Metric",281.670000,-70.415000,90.000000,bottom
"R225","1k","R_0603_1608Metric",216.410000,-115.865000,-90.000000,bottom
"R251","68R","R_0603_1608Metric",112.740000,-179.575000,-90.000000,bottom
"R252","68R","R_0603_1608Metric",111.210000,-179.565000,-90.000000,bottom
"R253","68R","R_0603_1608Metric",99.915000,-178.430000,180.000000,bottom
"R255","1k","R_0603_1608Metric",208.150000,-32.430000,0.000000,bottom
"R256","1k","R_0603_1608Metric",208.150000,-30.910000,180.000000,bottom
"R261","5k1","R_0603_1608Metric",208.150000,-38.510000,0.000000,bottom
"R262","1k","R_0603_1608Metric",208.150000,-36.990000,180.000000,bottom
"R263","1k","R_0603_1608Metric",208.150000,-35.470000,0.000000,bottom
"R264","1k","R_0603_1608Metric",208.150000,-33.950000,180.000000,bottom
"R265","10k","R_0603_1608Metric",285.590000,-30.675000,90.000000,bottom
"R273","22R","R_0603_1608Metric",21.875000,-200.950000,180.000000,bottom
"R274","22R","R_0603_1608Metric",21.875000,-202.500000,180.000000,bottom
"R275","22R","R_0603_1608Metric",21.875000,-204.050000,180.000000,bottom
"R280","2k2","R_0603_1608Metric",252.980000,-240.435000,-90.000000,bottom
"R281","2k2","R_0603_1608Metric",254.510000,-240.435000,90.000000,bottom
"R282","22R","R_0603_1608Metric",265.875000,-32.150000,0.000000,bottom
"R283","22R","R_0603_1608Metric",265.875000,-33.660000,0.000000,bottom
"R284","22R","R_0603_1608Metric",276.700000,-54.925000,90.000000,bottom
"R285","22R","R_0603_1608Metric",275.110000,-54.925000,90.000000,bottom
"R286","1k","R_0603_1608Metric",89.000000,-129.470000,-90.000000,bottom
"R287","1k","R_0603_1608Metric",14.720000,-139.800000,0.000000,bottom
"R303","1k","R_0603_1608Metric",256.629400,-123.774200,180.000000,bottom
"R309","1k","R_0603_1608Metric",256.629400,-126.856066,180.000000,bottom
"R311","1k","R_0603_1608Metric",256.629400,-125.315133,180.000000,bottom
"R312","1k","R_0603_1608Metric",256.629400,-128.397000,180.000000,bottom
"R317","47R","R_0603_1608Metric",110.895000,-88.630000,180.000000,bottom
"R318","47R","R_0603_1608Metric",110.885000,-92.790000,180.000000,bottom
"R319","47R","R_0603_1608Metric",110.885000,-91.140000,180.000000,bottom
"R320","47R","R_0603_1608Metric",110.885000,-95.140000,180.000000,bottom
"R321","47R","R_0603_1608Metric",110.885000,-98.253332,180.000000,bottom
"R322","47R","R_0603_1608Metric",110.885000,-96.696666,180.000000,bottom
"R323","47R","R_0603_1608Metric",110.885000,-99.810000,180.000000,bottom
"R324","47R","R_0603_1608Metric",110.885000,-102.850000,180.000000,bottom
"R329","470R","R_0603_1608Metric",137.827500,-24.592500,-90.000000,bottom
"R330","390R","R_0603_1608Metric",139.347500,-24.592500,-90.000000,bottom
"R331","75R","R_0603_1608Metric",135.097500,-25.927500,-90.000000,bottom
"R332","75R","R_0603_1608Metric",133.567500,-25.927500,-90.000000,bottom
"R337","470R","R_0603_1608Metric",149.150000,-24.605000,-90.000000,bottom
"R338","390R","R_0603_1608Metric",150.680000,-24.605000,-90.000000,bottom
"R339","75R","R_0603_1608Metric",146.420000,-25.910000,-90.000000,bottom
"R340","75R","R_0603_1608Metric",144.860000,-25.905000,-90.000000,bottom
"R344","470R","R_0603_1608Metric",160.320000,-24.635000,-90.000000,bottom
"R345","390R","R_0603_1608Metric",161.850000,-24.635000,-90.000000,bottom
"R346","75R","R_0603_1608Metric",157.780000,-25.955000,-90.000000,bottom
"R347","75R","R_0603_1608Metric",156.210000,-25.965000,-90.000000,bottom
"R351","150R","R_0603_1608Metric",167.550000,-25.950000,-90.000000,bottom
"R352","75R","R_0603_1608Metric",166.020000,-25.950000,-90.000000,bottom
"R354","13k3","R_0603_1608Metric",175.950000,-24.625000,90.000000,bottom
"R357","91k","R_0603_1608Metric",172.882500,-24.625000,90.000000,bottom
"R358","19k6","R_0603_1608Metric",174.422500,-24.625000,-90.000000,bottom
"R359","270R","R_0603_1608Metric",184.530000,-24.635000,90.000000,bottom
"R360","39R","R_0603_1608Metric",182.830000,-25.975000,90.000000,bottom
"R361","36R","R_0603_1608Metric",181.290000,-25.975000,-90.000000,bottom
"R362","75R","R_0603_1608Metric",179.750000,-25.975000,-90.000000,bottom
"R400","100R","R_0603_1608Metric",38.500000,-215.775000,90.000000,bottom
"R401","100R","R_0603_1608Metric",39.030000,-201.655000,90.000000,bottom
"R700","100R","R_0603_1608Metric",108.125000,-179.565000,-90.000000,bottom
"R701","100R","R_0603_1608Metric",107.375000,-191.565000,-90.000000,bottom
"R900","1k","R_0603_1608Metric",159.795000,-120.630000,0.000000,bottom
"R901","10k","R_0603_1608Metric",159.725000,-123.640000,0.000000,bottom
"R902","10k","R_0603_1608Metric",159.730000,-125.190000,180.000000,bottom
"R903","10k","R_0603_1608Metric",157.790000,-137.310000,90.000000,bottom
"R904","10k","R_0603_1608Metric",159.340000,-137.310000,90.000000,bottom
"R911","10k","R_0603_1608Metric",159.895000,-92.390000,180.000000,bottom
"R912","10k","R_0603_1608Metric",159.895000,-90.810000,180.000000,bottom
"RN101","3k3","R_Array_Convex_5x0603",109.020000,-50.240000,180.000000,bottom
"RN200","3k3","R_Array_Convex_5x0603",260.380000,-208.640000,-90.000000,bottom
"RN201","3k3","R_Array_Convex_5x0603",283.420000,-208.640000,-90.000000,bottom
"RN202","3k3","R_Array_Convex_5x0603",260.000000,-176.140000,90.000000,bottom
"RN203","3k3","R_Array_Convex_5x0603",283.420000,-176.140000,90.000000,bottom
"RN206","3k3","R_Array_Convex_5x0603",272.320000,-223.750000,-90.000000,bottom
"RN207","3k3","R_Array_Convex_5x0603",284.070000,-223.750000,-90.000000,bottom
"RN301","4k7","R_Array_Convex_5x0603",141.750000,-49.230000,180.000000,bottom
"RN302","4k7","R_Array_Convex_5x0603",134.400000,-49.230000,0.000000,bottom
"U201","74LVC245","TSSOP-20_4.4x6.5mm_P0.65mm",255.932500,-97.210000,0.000000,bottom
"U208","74LVC574","TSSOP-20_4.4x6.5mm_P0.65mm",226.677500,-111.790000,0.000000,bottom
"U802","74LVC245","TSSOP-20_4.4x6.5mm_P0.65mm",231.182500,-185.725000,0.000000,bottom
"U803","74LVC245","TSSOP-20_4.4x6.5mm_P0.65mm",231.182500,-177.075000,0.000000,bottom
"U804","74LVC245","TSSOP-20_4.4x6.5mm_P0.65mm",175.652500,-205.355000,0.000000,bottom
"U805","74LVC245","TSSOP-20_4.4x6.5mm_P0.65mm",175.652500,-196.840000,0.000000,bottom
"U808","74LVC245","TSSOP-20_4.4x6.5mm_P0.65mm",150.922500,-215.965000,0.000000,bottom
"U809","74LVC245","TSSOP-20_4.4x6.5mm_P0.65mm",150.925000,-226.640000,0.000000,bottom
"U822","74LVC245","TSSOP-20_4.4x6.5mm_P0.65mm",231.182500,-168.610000,0.000000,bottom
"U823","74LVC245","TSSOP-20_4.4x6.5mm_P0.65mm",231.182500,-160.050000,0.000000,bottom
"AGNUS1","AGNUS VER","PinHeader_2x03_P2.54mm_Vertical",183.480000,-145.260000,-90.000000,top
"BT2","Battery_Cell","BatteryHolder_Keystone_103_1x20mm",129.000000,-17.640000,180.000000,top
"C100","0.01uF","C_0603_1608Metric",87.363600,-53.975000,180.000000,top
"C101","0.01uF","C_0603_1608Metric",87.363000,-51.435000,180.000000,top
"C102","0.01uF","C_0603_1608Metric",67.119200,-54.000400,180.000000,top
"C103","0.01uF","C_0603_1608Metric",67.119200,-51.435000,180.000000,top
"C104","0.01uF","C_0603_1608Metric",46.825200,-53.975000,180.000000,top
"C105","0.01uF","C_0603_1608Metric",46.799800,-51.409600,180.000000,top
"C106","0.01uF","C_0603_1608Metric",26.530600,-53.975000,180.000000,top
"C107","0.01uF","C_0603_1608Metric",26.530600,-51.435000,180.000000,top
"C108","0.01uF","C_0603_1608Metric",6.235400,-51.435000,180.000000,top
"C109","0.01uF","C_0603_1608Metric",6.235400,-53.975000,180.000000,top
"C110","220uF","CP_Radial_D6.3mm_P2.50mm",46.104175,-28.585160,0.000000,top
"C111","220uF","CP_Radial_D6.3mm_P2.50mm",96.570800,-28.585160,0.000000,top
"C112","220uF","CP_Radial_D6.3mm_P2.50mm",76.384150,-28.585160,0.000000,top
"C113","220uF","CP_Radial_D6.3mm_P2.50mm",56.197500,-28.585160,0.000000,top
"C114","220uF","CP_Radial_D6.3mm_P2.50mm",36.010850,-28.585160,0.000000,top
"C115","220uF","CP_Radial_D6.3mm_P2.50mm",15.824200,-28.585160,0.000000,top
"C116","220uF","CP_Radial_D6.3mm_P2.50mm",96.437349,-128.170000,0.000000,top
"C117","220uF","CP_Radial_D6.3mm_P2.50mm",77.107349,-128.170000,0.000000,top
"C118","220uF","CP_Radial_D6.3mm_P2.50mm",54.367349,-128.180000,0.000000,top
"C119","220uF","CP_Radial_D6.3mm_P2.50mm",35.417349,-128.040000,0.000000,top
"C120","220uF","CP_Radial_D6.3mm_P2.50mm",9.940000,-128.130000,0.000000,top
"C121","220uF","CP_Radial_D6.3mm_P2.50mm",25.917525,-28.585160,0.000000,top
"C123","0.1uF","C_0603_1608Metric",91.440000,-160.885000,-90.000000,top
"C126","0.1uF","C_0603_1608Metric",66.230000,-180.355000,-90.000000,top
"C127","0.1uF","C_0603_1608Metric",81.735000,-151.660000,0.000000,top
"C129","0.1uF","C_0603_1608Metric",82.620000,-180.205000,-90.000000,top
"C132","0.1uF","C_0603_1608Metric",59.200000,-172.740000,180.000000,top
"C133","220uF","CP_Radial_D6.3mm_P2.50mm",66.390000,-28.540000,0.000000,top
"C134","220uF","CP_Radial_D6.3mm_P2.50mm",86.707349,-28.640000,0.000000,top
"C135","0.1uF","C_0603_1608Metric",76.540700,-10.381200,90.000000,top
"C153","0.1uF","C_0603_1608Metric",47.990000,-154.020000,0.000000,top
"C156","0.1uF","C_0603_1608Metric",75.925000,-218.800000,0.000000,top
"C157","0.1uF","C_0603_1608Metric",66.545000,-218.790000,0.000000,top
"C158","0.1uF","C_0603_1608Metric",66.065000,-189.230000,0.000000,top
"C159","0.1uF","C_0603_1608Metric",75.865000,-189.280000,0.000000,top
"C200","0.1uF","C_0603_1608Metric",78.240000,-224.935000,90.000000,top
"C201","0.1uF","C_0603_1608Metric",271.765000,-141.510000,180.000000,top
"C207","0.1uF","C_0603_1608Metric",275.250000,-52.140000,-90.000000,top
"C211","0.1uF","C_0603_1608Metric",267.635000,-42.780000,180.000000,top
"C212","1uF","C_0603_1608Metric",267.640000,-44.310000,180.000000,top
"C213","0.1uF","C_0603_1608Metric",174.760000,-137.480000,90.000000,top
"C214","0.1uF","C_0603_1608Metric",298.590000,-22.955000,90.000000,top
"C215","0.1uF","C_0603_1608Metric",300.253400,-22.948600,90.000000,top
"C216","68uF","CP_Radial_D5.0mm_P2.00mm",294.224888,-42.950000,0.000000,top
"C217","68uF","CP_Radial_D5.0mm_P2.00mm",294.254888,-50.340000,0.000000,top
"C218","0.1uF","C_0603_1608Metric",286.440000,-51.455000,-90.000000,top
"C220","13pF","C_0603_1608Metric",281.560000,-59.965000,-90.000000,top
"C221","13pF","C_0603_1608Metric",277.890000,-59.975000,-90.000000,top
"C222","4.7pF","C_0603_1608Metric",273.190000,-52.140000,-90.000000,top
"C223","0.1uF","C_0603_1608Metric",297.975000,-151.260000,0.000000,top
"C227","0.1uF","C_0603_1608Metric",111.355000,-234.430000,0.000000,top
"C229","0.1uF","C_0603_1608Metric",58.159200,-13.535800,-90.000000,top
"C231","0.1uF","C_0603_1608Metric",250.625000,-61.640000,90.000000,top
"C232","0.1uF","C_0603_1608Metric",225.055000,-34.840000,180.000000,top
"C233","0.1uF","C_0603_1608Metric",236.635000,-34.870000,180.000000,top
"C234","1000pF","C_0603_1608Metric",226.290000,-30.695000,90.000000,top
"C235","1000pF","C_0603_1608Metric",230.900000,-30.690000,90.000000,top
"C236","1000pF","C_0603_1608Metric",227.990000,-30.690000,90.000000,top
"C237","22uF","CP_Radial_D5.0mm_P2.00mm",188.720000,-56.220000,0.000000,top
"C238","0.1uF","C_0603_1608Metric",296.395000,-199.720000,0.000000,top
"C239","0.1uF","C_0603_1608Metric",296.335000,-222.610000,0.000000,top
"C240","22uF","CP_Radial_D5.0mm_P2.00mm",194.640000,-42.640000,0.000000,top
"C241","0.1uF","C_0603_1608Metric",238.450000,-52.765000,0.000000,top
"C243","0.1uF","C_0603_1608Metric",239.965000,-64.970000,0.000000,top
"C246","0.1uF","C_0603_1608Metric",13.790000,-211.105000,-90.000000,top
"C249","0.1uF","C_0603_1608Metric",269.650000,-30.305000,90.000000,top
"C250","0.1uF","C_0603_1608Metric",255.170000,-39.755000,-90.000000,top
"C251","0.1uF","C_0603_1608Metric",271.705000,-134.390000,180.000000,top
"C252","0.1uF","C_0603_1608Metric",248.420000,-129.110000,90.000000,top
"C253","0.1uF","C_0603_1608Metric",28.310000,-182.525000,-90.000000,top
"C254","0.1uF","C_0603_1608Metric",13.855000,-157.140000,0.000000,top
"C255","0.1uF","C_0603_1608Metric",98.980000,-148.405000,90.000000,top
"C256","0.1uF","C_0603_1608Metric",215.385000,-84.710000,0.000000,top
"C257","0.1uF","C_0603_1608Metric",207.465000,-148.050000,0.000000,top
"C258","0.1uF","C_0603_1608Metric",243.332000,-30.276800,0.000000,top
"C259","0.1uF","C_0603_1608Metric",281.895000,-20.310000,0.000000,top
"C262","0.1uF","C_0603_1608Metric",157.040000,-151.280000,180.000000,top
"C263","0.1uF","C_0603_1608Metric",89.525000,-223.720000,180.000000,top
"C302","0.1uF","C_0603_1608Metric",129.870000,-33.245000,90.000000,top
"C303","0.1uF","C_0603_1608Metric",158.645000,-42.270000,0.000000,top
"C304","100pF","C_0603_1608Metric",160.610000,-58.685000,90.000000,top
"C305","0.1uF","C_0603_1608Metric",140.727500,-33.245000,90.000000,top
"C307","47pF","C_0603_1608Metric",113.270000,-52.025000,90.000000,top
"C308","0.1uF","C_0603_1608Metric",138.987500,-24.602500,90.000000,top
"C309","0.1uF","C_0603_1608Metric",150.370000,-24.605000,90.000000,top
"C310","0.1uF","C_0603_1608Metric",161.600000,-24.625000,90.000000,top
"C311","0.1uF","C_0603_1608Metric",171.360000,-24.625000,90.000000,top
"C312","100pF","C_0603_1608Metric",166.630000,-37.675000,-90.000000,top
"C313","470uF","CP_Radial_D10.0mm_P5.00mm",149.280000,-49.340000,0.000000,top
"C314","470uF","CP_Radial_D10.0mm_P5.00mm",160.452323,-49.300000,0.000000,top
"C315","100pF","C_0603_1608Metric",166.116000,-19.404000,-90.000000,top
"C316","100pF","C_0603_1608Metric",167.670000,-19.404000,-90.000000,top
"C431","0.1uF","C_0603_1608Metric",26.475000,-198.020000,180.000000,top
"C433","0.1uF","C_0603_1608Metric",23.130000,-217.205000,-90.000000,top
"C440","0.1uF","C_0603_1608Metric",23.135000,-204.495000,-90.000000,top
"C500","0.1uF","C_0603_1608Metric",171.610000,-73.055000,-90.000000,top
"C501","470uF","CP_Radial_D10.0mm_P5.00mm",184.620000,-93.600000,0.000000,top
"C506","0.22uF","C_0603_1608Metric",176.200000,-73.055000,90.000000,top
"C507","4.7uF","CP_Radial_D5.0mm_P2.00mm",171.254888,-78.650000,0.000000,top
"C508","0.22uF","C_0603_1608Metric",191.440000,-82.125000,-90.000000,top
"C509","0.22uF","C_0603_1608Metric",186.850000,-82.120000,90.000000,top
"C510","0.1uF","C_0603_1608Metric",183.220000,-44.775000,90.000000,top
"C511","0.1uF","C_0603_1608Metric",174.045000,-55.190000,0.000000,top
"C512","0.047uF","C_0603_1608Metric",179.220000,-65.315000,90.000000,top
"C513","0.047uF","C_0603_1608Metric",191.505000,-65.302500,90.000000,top
"C514","0.01uF","C_0603_1608Metric",202.682500,-75.474078,0.000000,top
"C515","6800pF","C_0603_1608Metric",185.290000,-65.302500,90.000000,top
"C516","3900pF","C_0603_1608Metric",197.000000,-75.075000,0.000000,top
"C517","3900pF","C_0603_1608Metric",179.360000,-73.780000,0.000000,top
"C518","330pF","C_0603_1608Metric",174.095000,-50.980000,180.000000,top
"C519","330pF","C_0603_1608Metric",182.235000,-65.302500,90.000000,top
"C520","22uF","CP_Radial_D5.0mm_P2.00mm",186.190000,-42.300000,0.000000,top
"C521","22uF","CP_Radial_D5.0mm_P2.00mm",177.234888,-42.300000,0.000000,top
"C522","47uF","CP_Radial_D5.0mm_P2.00mm",166.780000,-59.280000,0.000000,top
"C523","47uF","CP_Radial_D5.0mm_P2.00mm",170.540000,-42.270000,0.000000,top
"C524","6800pF","C_0603_1608Metric",173.080000,-65.315000,90.000000,top
"C600","47uF","CP_Radial_D5.0mm_P2.00mm",148.140000,-74.230000,0.000000,top
"C601","220uF","CP_Radial_D6.3mm_P2.50mm",223.950000,-204.930000,0.000000,top
"C602","47uF","CP_Radial_D5.0mm_P2.00mm",233.830000,-149.530000,0.000000,top
"C603","47uF","CP_Radial_D5.0mm_P2.00mm",153.480000,-194.140000,0.000000,top
"C604","47uF","CP_Radial_D5.0mm_P2.00mm",203.310000,-57.850000,0.000000,top
"C605","47uF","CP_Radial_D5.0mm_P2.00mm",244.154888,-59.280000,0.000000,top
"C606","47uF","CP_Radial_D5.0mm_P2.00mm",146.074888,-160.270000,0.000000,top
"C607","47uF","CP_Radial_D5.0mm_P2.00mm",156.000000,-74.220000,0.000000,top
"C608","10uF","CP_Radial_D5.0mm_P2.00mm",198.834888,-94.080000,0.000000,top
"C609","47uF","CP_Radial_D5.0mm_P2.00mm",128.924888,-76.000000,0.000000,top
"C610","47uF","CP_Radial_D5.0mm_P2.00mm",54.250000,-223.810000,0.000000,top
"C611","10uF","CP_Radial_D5.0mm_P2.00mm",122.374888,-141.390000,0.000000,top
"C613","10uF","CP_Radial_D5.0mm_P2.00mm",88.830000,-216.900000,0.000000,top
"C614","47uF","CP_Radial_D5.0mm_P2.00mm",42.310000,-9.090000,0.000000,top
"C617","4.7uF","C_0603_1608Metric",71.910000,-237.550000,180.000000,top
"C618","4.7uF","C_0603_1608Metric",67.720000,-225.105000,-90.000000,top
"C619","10uF","CP_Radial_D5.0mm_P2.00mm",22.000000,-172.240000,0.000000,top
"C620","47uF","CP_Radial_D5.0mm_P2.00mm",22.344888,-226.330000,0.000000,top
"C621","47uF","CP_Radial_D5.0mm_P2.00mm",249.000000,-149.530000,0.000000,top
"C622","47uF","CP_Radial_D5.0mm_P2.00mm",123.820000,-232.550000,0.000000,top
"C623","4.7uF","C_0603_1608Metric",293.490000,-83.305000,90.000000,top
"C624","47uF","CP_Radial_D5.0mm_P2.00mm",286.850000,-65.640000,0.000000,top
"C625","10uF","CP_Radial_D5.0mm_P2.00mm",286.850000,-57.140000,0.000000,top
"C626","4.7uF","C_0603_1608Metric",299.250000,-83.315000,90.000000,top
"C701","0.1uF","C_0603_1608Metric",124.825000,-186.070000,180.000000,top
"C702","0.1uF","C_0603_1608Metric",124.850000,-194.615000,180.000000,top
"C703","0.1uF","C_0603_1608Metric",157.685000,-212.730000,0.000000,top
"C704","0.1uF","C_0603_1608Metric",115.040000,-224.550000,-90.000000,top
"C705","0.1uF","C_0603_1608Metric",115.060000,-210.760000,-90.000000,top
"C706","0.1uF","C_0603_1608Metric",159.690000,-202.565000,-90.000000,top
"C707","0.1uF","C_0603_1608Metric",129.385000,-198.380000,180.000000,top
"C708","0.1uF","C_0603_1608Metric",126.115000,-201.990000,180.000000,top
"C709","0.1uF","C_0603_1608Metric",125.370000,-205.180000,180.000000,top
"C710","0.1uF","C_0603_1608Metric",125.380000,-208.000000,180.000000,top
"C711","0.1uF","C_0603_1608Metric",126.225000,-215.000000,180.000000,top
"C712","0.1uF","C_0603_1608Metric",126.185000,-218.000000,180.000000,top
"C713","0.1uF","C_0603_1608Metric",126.145000,-220.990000,180.000000,top
"C714","0.1uF","C_0603_1608Metric",130.945000,-225.010000,0.000000,top
"C715","0.1uF","C_0603_1608Metric",145.480000,-219.490000,0.000000,top
"C716","0.1uF","C_0603_1608Metric",145.410000,-215.430000,90.000000,top
"C717","0.1uF","C_0603_1608Metric",146.080000,-207.795000,-90.000000,top
"C718","0.1uF","C_0603_1608Metric",146.100000,-202.985000,90.000000,top
"C725","0.1uF","C_0603_1608Metric",99.525000,-201.215000,-90.000000,top
"C726","0.1uF","C_0603_1608Metric",114.850000,-172.300000,90.000000,top
"C736","0.1uF","C_0603_1608Metric",107.150000,-201.090000,0.000000,top
"C800","0.1uF","C_0603_1608Metric",27.210000,-120.205000,90.000000,top
"C802","0.1uF","C_0603_1608Metric",234.050000,-178.710000,90.000000,top
"C803","0.1uF","C_0603_1608Metric",234.030000,-161.725000,90.000000,top
"C804","0.1uF","C_0603_1608Metric",234.080000,-187.255000,90.000000,top
"C805","0.1uF","C_0603_1608Metric",234.060000,-170.285000,90.000000,top
"C806","0.1uF","C_0603_1608Metric",182.545000,-217.880000,0.000000,top
"C807","0.1uF","C_0603_1608Metric",182.545000,-209.850000,0.000000,top
"C808","0.1uF","C_0603_1608Metric",178.520000,-198.495000,90.000000,top
"C809","0.1uF","C_0603_1608Metric",178.520000,-207.065000,90.000000,top
"C810","0.1uF","C_0603_1608Metric",171.940000,-174.260000,0.000000,top
"C811","0.1uF","C_0603_1608Metric",174.305000,-183.350000,0.000000,top
"C813","0.1uF","C_0603_1608Metric",153.780000,-225.180000,90.000000,top
"C816","0.1uF","C_0603_1608Metric",75.135000,-135.290000,0.000000,top
"C817","0.1uF","C_0603_1608Metric",66.665000,-135.280000,0.000000,top
"C818","0.1uF","C_0603_1608Metric",58.295000,-135.260000,0.000000,top
"C819","0.1uF","C_0603_1608Metric",83.395000,-135.300000,0.000000,top
"C820","0.1uF","C_0603_1608Metric",49.940000,-120.105000,-90.000000,top
"C821","0.1uF","C_0603_1608Metric",69.990000,-73.295000,90.000000,top
"C907","0.1uF","C_0603_1608Metric",140.820000,-93.100000,90.000000,top
"C908","0.1uF","C_0603_1608Metric",141.280000,-84.460000,0.000000,top
"CN100","PCI32-5V","PCI-5V",98.094800,-79.385000,0.000000,top
"CN101","PCI32-5V","PCI-5V",77.774800,-79.385000,0.000000,top
"CN102","PCI32-5V","PCI-5V",57.454800,-79.385000,0.000000,top
"CN103","PCI32-5V","PCI-5V",37.134800,-79.385000,0.000000,top
"CN104","PCI32-5V","PCI-5V",16.814800,-79.385000,0.000000,top
"CN109","SPI","PinHeader_1x06_P2.54mm_Vertical",100.760000,-153.900000,-90.000000,top
"CN110","SPI","PinHeader_1x06_P2.54mm_Vertical",42.200000,-167.030000,-90.000000,top
"CN200","DIN41612_03x50","DIN41612_C_3x50_Female_Vertical_THT",215.000000,-234.190000,-90.000000,top
"CN201","USB_A_Stacked","USB_A_Wuerth_61400826021_Horizontal_Stacked",295.266280,-15.761780,180.000000,top
"CN202","DB9_Male_Stack","DSUB-9_Male_Stack",263.586880,0.036720,180.000000,top
"CN203","DB25_Stack_FemaleAndMale","DSUB-25_Stack_Female_Bottom_Male_Top",217.621420,-0.003880,180.000000,top
"CN204","INTERNAL FLOPPY","Floppy_PinHeader_2x17_P2.54mm",223.310000,-51.520000,0.000000,top
"CN205","Case Fan","FanPinHeader_1x04_P2.54mm_Vertical",138.700000,-78.180000,90.000000,top
"CN206","I2C","PinHeader_1x04_P2.54mm_Vertical",212.820000,-51.700000,0.000000,top
"CN207","TIMER","PinHeader_1x04_P2.54mm_Vertical",212.820000,-66.740000,0.000000,top
"CN208","UART","PinHeader_1x03_P2.54mm_Vertical",214.630000,-36.890000,180.000000,top
"CN209","STM DEBUG","PinHeader_1x03_P2.54mm_Vertical",237.070000,-24.570000,0.000000,top
"CN210","_KBRST","PinHeader_1x01_P2.54mm_Horizontal",296.060000,-156.140000,180.000000,top
"CN227","SWD","PinHeader_1x06_P2.54mm_Vertical",294.270000,-68.790000,180.000000,top
"CN300","DB15_Female_HighDensity","DSUB-15-HD_Female_Horizontal_P2.29x1.98mm_EdgePinOffset8.35mm_Housed_MountingHolesOffset10.89mm",161.033680,-0.085620,180.000000,top
"CN301","Video-Slot","2x18_P2.54mm_Horizontal",121.099580,-59.232800,-90.000000,top
"CN302","Video-Slot","2x18_P2.54mm_Horizontal",121.097040,-112.582960,-90.000000,top
"CN409","SPI","PinHeader_1x06_P2.54mm_Vertical",25.690000,-190.290000,-90.000000,top
"CN500","DSP/DVD (RGGL)","AudioHeader",174.905112,-59.310000,90.000000,top
"CN501","AudioJack","Jack_3.5mm_CUI_SJ1-3533NG_Horizontal_CircularHoles",183.458100,-1.891700,0.000000,top
"CN601","ATX-24","Molex_Mini-Fit_Jr_5566-24A_2x12_P4.20mm_Vertical",294.150000,-135.950000,90.000000,top
"CN712","SPI","PinHeader_1x06_P2.54mm_Vertical",110.215000,-221.140000,-90.000000,top
"CN900","PRIMARY IDE","ATA_Header_2x20_P2.54mm",151.310000,-87.910000,0.000000,top
"CN901","SECONDARY IDE","ATA_Header_2x20_P2.54mm",165.310000,-87.910000,0.000000,top
"CN_CASE1","CASE HDR","PinHeader_2x04_P2.54mm_Vertical",38.880000,-234.860000,-90.000000,top
"D200","1N4148","D_SOD-323",244.550000,-40.490000,180.000000,top
"D201","S1MWF-7","D_SOD-123F",201.790000,-46.330000,90.000000,top
"D202","S1MWF-7","D_SOD-123F",244.063200,-25.400000,180.000000,top
"D203","LED","LED_0603_1608Metric",264.850000,-47.080000,0.000000,top
"D204","1N4148","D_SOD-323",259.360000,-137.420000,90.000000,top
"D205","BZT52C5V1","D_SOD-123",153.970000,-65.570000,0.000000,top
"D206","ESDS452","SOT-23",204.690000,-24.812500,90.000000,top
"D207","ESDS452","SOT-23",208.196000,-24.812500,90.000000,top
"D208","ESDS452","SOT-23",211.702000,-24.812500,90.000000,top
"D209","ESDS452","SOT-23",215.208000,-24.812500,90.000000,top
"D210","ESDS452","SOT-23",218.714000,-24.812500,90.000000,top
"D211","ESDS452","SOT-23",222.220000,-24.812500,90.000000,top
"D212","ESDS452","SOT-23",259.160000,-53.657500,90.000000,top
"D301","S1MWF-7","D_SOD-123F",196.640000,-32.350000,-90.000000,top
"D400","S1MWF-7","D_SOD-123F",204.140000,-46.330000,90.000000,top
"F1","4A","Fuse_1206_3216Metric",250.113800,-24.917400,0.000000,top
"F2","4A","Fuse_1206_3216Metric",204.130000,-51.730000,-90.000000,top
"FB202","80R","C_0805_2012Metric",196.620000,-23.970000,90.000000,top
"FB300","80R","C_0805_2012Metric",150.280000,-19.330000,-90.000000,top
"FB301","80R","C_0805_2012Metric",152.330000,-19.330000,-90.000000,top
"FB302","80R","C_0805_2012Metric",154.480000,-19.340000,-90.000000,top
"FB500","80R","C_0805_2012Metric",187.210000,-31.250000,90.000000,top
"FB501","80R","C_0805_2012Metric",183.860000,-31.250000,90.000000,top
"FB502","80R","C_0805_2012Metric",191.660000,-27.830000,90.000000,top
"J11","_REGEN","PinHeader_1x01_P2.54mm_Vertical",100.950000,-157.650000,0.000000,top
"J200","SHORT FOR DF1","PinHeader_1x02_P2.54mm_Vertical",233.650000,-98.390000,90.000000,top
"J201","1-2 AMIGA DRIVES/2-3 PC DRIVES","PinHeader_1x03_P2.54mm_Vertical",236.525000,-86.165000,0.000000,top
"J202","1-2 AMIGA DRIVES/2-3 PC DRIVES","PinHeader_1x03_P2.54mm_Vertical",232.850000,-86.165000,0.000000,top
"J206","CLK/VBB","PinHeader_1x03_P2.54mm_Vertical",174.770000,-142.760000,0.000000,top
"J207","TICK","PinHeader_1x03_P2.54mm_Vertical",14.890000,-179.950000,90.000000,top
"J208","TBASE","PinHeader_1x03_P2.54mm_Vertical",252.620000,-136.470000,-90.000000,top
"J209","NRM/PRG","PinHeader_1x03_P2.54mm_Vertical",275.510000,-25.980000,-90.000000,top
"J210","RUN/CAL","PinHeader_1x02_P2.54mm_Vertical",279.150000,-65.890000,90.000000,top
"J211","FLASH_DIS","PinHeader_2x01_P2.54mm_Vertical",46.350000,-225.080000,0.000000,top
"J212","ROM WAIT","PinHeader_2x02_P2.54mm_Vertical",11.680000,-215.640000,0.000000,top
"J303","HSYNC/COMPSYNC","PinHeader_1x03_P2.54mm_Vertical",171.720000,-32.680000,-90.000000,top
"J409_TP0","U409_TP","PinHeader_2x01_P2.54mm_Vertical",23.290000,-234.860000,-90.000000,top
"J712_TP0","U712_TP","PinHeader_1x01_P2.54mm_Vertical",99.770000,-232.370000,0.000000,top
"J900","AUTOBOOT","PinHeader_2x01_P2.54mm_Vertical",11.550000,-225.160000,0.000000,top
"JATA1","PIO MODES","PinHeader_2x03_P2.54mm_Vertical",8.100000,-137.130000,0.000000,top
"Q200","MMBT3904","SOT-23",244.625000,-45.702500,-90.000000,top
"Q201","MMBT3906","SOT-23",115.767500,-231.880000,180.000000,top
"Q202","AO3400A","SOT-23",131.842500,-66.760000,0.000000,top
"Q300","MMBT3904","SOT-23",136.437500,-24.155000,90.000000,top
"Q301","MMBT3904","SOT-23",147.770000,-24.165000,90.000000,top
"Q302","MMBT3904","SOT-23",159.050000,-24.197500,90.000000,top
"Q303","MMBT3904","SOT-23",168.850000,-24.192500,90.000000,top
"Q304","MMBT3904","SOT-23",178.487500,-24.185000,90.000000,top
"Q305","MMBT3906","SOT-23",181.990000,-24.185000,90.000000,top
"Q500","MMBFJ211","SOT-23",197.157500,-79.195000,0.000000,top
"Q501","MMBFJ211","SOT-23",178.237500,-78.847500,0.000000,top
"Q502","MMBT3906","SOT-23",202.805000,-69.660000,180.000000,top
"Q900","MMBT3906","SOT-23",51.522500,-233.120000,180.000000,top
"R101","2k7","R_0603_1608Metric",91.313000,-51.435000,180.000000,top
"R102","2k7","R_0603_1608Metric",91.313000,-53.978600,180.000000,top
"R103","2k7","R_0603_1608Metric",103.350000,-32.240000,90.000000,top
"R104","2k7","R_0603_1608Metric",91.345000,-40.780000,0.000000,top
"R105","2k7","R_0603_1608Metric",90.300000,-92.090000,0.000000,top
"R106","2k7","R_0603_1608Metric",90.300000,-90.560000,0.000000,top
"R107","2k7","R_0603_1608Metric",91.350000,-46.360000,0.000000,top
"R108","2k7","R_0603_1608Metric",86.525000,-62.880000,180.000000,top
"R109","2k7","R_0603_1608Metric",71.057000,-51.435000,180.000000,top
"R110","2k7","R_0603_1608Metric",71.057000,-54.000400,180.000000,top
"R111","2k7","R_0603_1608Metric",85.875000,-40.500000,0.000000,top
"R112","2k7","R_0603_1608Metric",85.875000,-42.030000,180.000000,top
"R113","2k7","R_0603_1608Metric",85.815000,-92.110000,180.000000,top
"R114","2k7","R_0603_1608Metric",85.810000,-90.580000,180.000000,top
"R115","2k7","R_0603_1608Metric",85.875000,-45.090000,180.000000,top
"R116","2k7","R_0603_1608Metric",69.450000,-59.505000,90.000000,top
"R117","2k7","R_0603_1608Metric",50.665000,-51.409600,180.000000,top
"R118","2k7","R_0603_1608Metric",50.685000,-53.990000,180.000000,top
"R119","2k7","R_0603_1608Metric",65.840000,-40.530000,0.000000,top
"R120","2k7","R_0603_1608Metric",65.840000,-42.050000,180.000000,top
"R121","2k7","R_0603_1608Metric",64.995000,-92.080000,180.000000,top
"R122","2k7","R_0603_1608Metric",64.995000,-89.130000,180.000000,top
"R123","2k7","R_0603_1608Metric",65.840000,-45.090000,180.000000,top
"R124","2k7","R_0603_1608Metric",49.090000,-59.495000,90.000000,top
"R125","2k7","R_0603_1608Metric",30.365200,-51.435000,180.000000,top
"R126","2k7","R_0603_1608Metric",30.390600,-53.975000,180.000000,top
"R127","2k7","R_0603_1608Metric",45.005000,-40.490000,0.000000,top
"R128","2k7","R_0603_1608Metric",45.005000,-42.040000,180.000000,top
"R129","2k7","R_0603_1608Metric",29.835000,-92.100000,0.000000,top
"R130","2k7","R_0603_1608Metric",29.835000,-89.150000,0.000000,top
"R131","2k7","R_0603_1608Metric",45.005000,-45.100000,180.000000,top
"R132","2k7","R_0603_1608Metric",25.865000,-62.880000,180.000000,top
"R133","2k7","R_0603_1608Metric",10.019800,-51.435000,180.000000,top
"R134","2k7","R_0603_1608Metric",10.055000,-53.980000,180.000000,top
"R135","2k7","R_0603_1608Metric",24.655000,-40.530000,0.000000,top
"R136","2k7","R_0603_1608Metric",24.655000,-42.050000,180.000000,top
"R137","2k7","R_0603_1608Metric",24.465000,-92.110000,180.000000,top
"R138","2k7","R_0603_1608Metric",24.465000,-89.160000,180.000000,top
"R139","2k7","R_0603_1608Metric",24.655000,-45.120000,180.000000,top
"R140","22R","R_0603_1608Metric",65.785000,-14.460000,180.000000,top
"R141","22R","R_0603_1608Metric",79.940000,-15.800000,180.000000,top
"R142","22R","R_0603_1608Metric",79.935000,-17.330000,180.000000,top
"R143","22R","R_0603_1608Metric",73.775000,-21.680000,0.000000,top
"R144","22R","R_0603_1608Metric",65.785000,-17.640000,0.000000,top
"R145","22R","R_0603_1608Metric",65.785000,-16.130000,0.000000,top
"R146","2k7","R_0603_1608Metric",91.350000,-43.640000,0.000000,top
"R147","2k7","R_0603_1608Metric",85.875000,-43.560000,180.000000,top
"R148","2k7","R_0603_1608Metric",65.840000,-43.570000,180.000000,top
"R149","2k7","R_0603_1608Metric",45.005000,-43.570000,180.000000,top
"R150","2k7","R_0603_1608Metric",24.655000,-43.590000,180.000000,top
"R154","10k","R_0603_1608Metric",90.620000,-149.935000,-90.000000,top
"R155","10k","R_0603_1608Metric",88.060000,-149.935000,-90.000000,top
"R158","10k","R_0603_1608Metric",44.320000,-161.595000,-90.000000,top
"R159","10k","R_0603_1608Metric",29.510000,-171.845000,90.000000,top
"R162","2k7","R_0603_1608Metric",6.000000,-62.870000,180.000000,top
"R203","10k","R_0603_1608Metric",199.605000,-147.640000,180.000000,top
"R204","68R","R_0603_1608Metric",262.140000,-69.305000,-90.000000,top
"R205","68R","R_0603_1608Metric",263.670000,-69.315000,-90.000000,top
"R206","68R","R_0603_1608Metric",260.600000,-69.305000,-90.000000,top
"R207","68R","R_0603_1608Metric",259.070000,-69.304000,-90.000000,top
"R208","10k","R_0603_1608Metric",245.575000,-36.115000,90.000000,top
"R209","10k","R_0603_1608Metric",244.025000,-36.115000,-90.000000,top
"R210","4k7","R_0603_1608Metric",119.910000,-231.995000,-90.000000,top
"R211","68R","R_0603_1608Metric",111.355000,-232.405000,0.000000,top
"R212","200R","R_0603_1608Metric",111.355000,-230.380000,180.000000,top
"R213","2k7","R_0603_1608Metric",196.070000,-98.885000,-90.000000,top
"R214","1k","R_0603_1608Metric",188.200000,-48.195000,-90.000000,top
"R215","22R","R_0603_1608Metric",121.830000,-150.175000,-90.000000,top
"R216","22R","R_0603_1608Metric",23.525000,-210.430000,180.000000,top
"R219","22R","R_0603_1608Metric",97.100000,-205.535000,-90.000000,top
"R220","22R","R_0603_1608Metric",36.470000,-224.035000,-90.000000,top
"R221","2k7","R_0603_1608Metric",222.390000,-224.600000,-90.000000,top
"R222","47R","R_0603_1608Metric",169.940000,-149.235000,-90.000000,top
"R226","47R","R_0603_1608Metric",169.230000,-19.405000,-90.000000,top
"R227","1k","R_0603_1608Metric",77.970000,-235.715000,-90.000000,top
"R228","10k","R_0603_1608Metric",290.115000,-145.610000,0.000000,top
"R229","10k","R_0603_1608Metric",176.340000,-137.490000,-90.000000,top
"R230","47R","R_0603_1608Metric",157.360000,-164.540000,90.000000,top
"R231","47R","R_0603_1608Metric",155.830000,-164.545000,90.000000,top
"R232","47R","R_0603_1608Metric",154.300000,-164.545000,90.000000,top
"R233","47R","R_0603_1608Metric",152.770000,-164.545000,90.000000,top
"R234","2k7","R_0603_1608Metric",195.550000,-224.505000,-90.000000,top
"R235","2k7","R_0603_1608Metric",231.300000,-206.715000,-90.000000,top
"R236","2k7","R_0603_1608Metric",232.850000,-206.725000,-90.000000,top
"R237","47R","R_0603_1608Metric",198.700000,-36.375000,90.000000,top
"R238","47R","R_0603_1608Metric",168.410000,-149.240000,-90.000000,top
"R239","2k7","R_0603_1608Metric",208.770000,-98.885000,-90.000000,top
"R240","2k7","R_0603_1608Metric",206.220000,-98.885000,-90.000000,top
"R241","10k","R_0603_1608Metric",290.115000,-147.190000,0.000000,top
"R242","2k7","R_0603_1608Metric",211.350000,-224.545000,-90.000000,top
"R243","2k7","R_0603_1608Metric",204.780000,-206.550000,-90.000000,top
"R244","2k7","R_0603_1608Metric",161.540000,-226.060000,90.000000,top
"R245","2k7","R_0603_1608Metric",216.335000,-191.450000,0.000000,top
"R246","2k7","R_0603_1608Metric",163.080000,-226.055000,90.000000,top
"R247","200R","R_0603_1608Metric",153.155000,-68.060000,180.000000,top
"R248","2k7","R_0603_1608Metric",203.690000,-98.885000,-90.000000,top
"R249","1k","R_0603_1608Metric",263.390000,-131.850000,0.000000,top
"R250","1k","R_0603_1608Metric",290.100000,-144.030000,0.000000,top
"R254","1k","R_0603_1608Metric",87.980000,-236.215000,-90.000000,top
"R257","1k","R_0603_1608Metric",274.330000,-66.530000,90.000000,top
"R258","1k","R_0603_1608Metric",272.810000,-66.530000,-90.000000,top
"R259","1k","R_0603_1608Metric",288.480000,-51.470000,-90.000000,top
"R260","5k1","R_0603_1608Metric",290.020000,-51.480000,90.000000,top
"R266","10k","R_0603_1608Metric",253.620000,-39.755000,90.000000,top
"R267","2k2","R_0603_1608Metric",264.000000,-38.940000,90.000000,top
"R268","1k","R_0603_1608Metric",161.670000,-145.225000,90.000000,top
"R269","220R","R_0603_1608Metric",279.690000,-59.965000,-90.000000,top
"R270","22R","R_0603_1608Metric",15.920000,-143.175000,90.000000,top
"R271","22R","R_0603_1608Metric",95.555000,-135.290000,180.000000,top
"R272","22R","R_0603_1608Metric",39.040000,-224.035000,-90.000000,top
"R276","2k7","R_0603_1608Metric",100.525000,-235.710000,0.000000,top
"R277","2k7","R_0603_1608Metric",31.580000,-224.785000,0.000000,top
"R278","2k7","R_0603_1608Metric",227.880000,-224.585000,-90.000000,top
"R279","10k","R_0603_1608Metric",296.890000,-143.640000,180.000000,top
"R288","1k","R_0603_1608Metric",98.965000,-133.710000,0.000000,top
"R289","1k","R_0603_1608Metric",99.925000,-135.270000,180.000000,top
"R290","1k","R_0603_1608Metric",256.840000,-142.795000,-90.000000,top
"R291","1k","R_0603_1608Metric",255.315000,-142.795000,-90.000000,top
"R292","1k","R_0603_1608Metric",253.790000,-142.795000,-90.000000,top
"R300","10k","R_0603_1608Metric",128.575000,-55.970000,0.000000,top
"R301","47R","R_0603_1608Metric",135.450000,-29.625000,-90.000000,top
"R302","1R","R_0603_1608Metric",162.150000,-58.685000,-90.000000,top
"R304","47R","R_0603_1608Metric",164.506000,-19.404000,-90.000000,top
"R305","10k","R_0603_1608Metric",113.285000,-40.440000,0.000000,top
"R307","22R","R_0603_1608Metric",155.690000,-29.675000,90.000000,top
"R308","10k","R_0603_1608Metric",128.570000,-54.310000,0.000000,top
"R310","47R 0.5W","R_0805_2012Metric",196.620000,-27.742500,-90.000000,top
"R313","47R","R_0603_1608Metric",112.265000,-65.770000,180.000000,top
"R314","47R","R_0603_1608Metric",112.265000,-67.290000,180.000000,top
"R315","47R","R_0603_1608Metric",112.265000,-68.820000,180.000000,top
"R316","47R","R_0603_1608Metric",112.265000,-70.350000,180.000000,top
"R325","1k","R_0603_1608Metric",129.227500,-24.595000,90.000000,top
"R326","2k","R_0603_1608Metric",130.743750,-24.595000,90.000000,top
"R327","3k9","R_0603_1608Metric",132.260000,-24.595000,90.000000,top
"R328","8k2","R_0603_1608Metric",133.776250,-24.595000,90.000000,top
"R333","1k","R_0603_1608Metric",140.520000,-24.605000,90.000000,top
"R334","2k","R_0603_1608Metric",142.069375,-24.605000,90.000000,top
"R335","3k9","R_0603_1608Metric",143.610000,-24.605000,90.000000,top
"R336","8k2","R_0603_1608Metric",145.160000,-24.605000,90.000000,top
"R341","1k","R_0603_1608Metric",151.900000,-24.612500,90.000000,top
"R342","2k","R_0603_1608Metric",153.410000,-24.612500,90.000000,top
"R343","3k9","R_0603_1608Metric",154.950000,-24.612500,90.000000,top
"R348","220R","R_0603_1608Metric",164.670000,-24.632500,90.000000,top
"R349","1k","R_0603_1608Metric",163.130000,-24.635000,90.000000,top
"R350","27k","R_0603_1608Metric",166.210000,-24.632500,-90.000000,top
"R353","37k4","R_0603_1608Metric",172.880000,-24.625000,90.000000,top
"R355","6k04","R_0603_1608Metric",175.950000,-24.625000,90.000000,top
"R356","37k4","R_0603_1608Metric",174.410000,-24.625000,90.000000,top
"R363","8k2","R_0603_1608Metric",156.487500,-24.612500,90.000000,top
"R402","10k","R_0603_1608Metric",12.990000,-194.335000,90.000000,top
"R403","10k","R_0603_1608Metric",15.530000,-194.340000,90.000000,top
"R500","1R","R_0603_1608Metric",170.080000,-73.055000,90.000000,top
"R501","1k","R_0603_1608Metric",173.140000,-73.055000,-90.000000,top
"R502","1k","R_0603_1608Metric",174.670000,-73.055000,90.000000,top
"R503","1R","R_0603_1608Metric",189.910000,-82.125000,90.000000,top
"R504","1R","R_0603_1608Metric",188.371800,-82.121800,-90.000000,top
"R505","750R","R_0603_1608Metric",177.680000,-65.315000,90.000000,top
"R506","1k2","R_0603_1608Metric",194.620000,-55.785000,-90.000000,top
"R507","750R","R_0603_1608Metric",189.975000,-65.302500,90.000000,top
"R508","470k","R_0603_1608Metric",202.682500,-73.828156,180.000000,top
"R509","10k","R_0603_1608Metric",202.682500,-77.120000,0.000000,top
"R510","10k","R_0603_1608Metric",176.140000,-65.315000,90.000000,top
"R511","10k","R_0603_1608Metric",174.610000,-65.315000,-90.000000,top
"R512","2k7","R_0603_1608Metric",198.382500,-68.463750,90.000000,top
"R513","10k","R_0603_1608Metric",216.165000,-42.190000,180.000000,top
"R514","470k","R_0603_1608Metric",202.682500,-78.765925,180.000000,top
"R515","10k","R_0603_1608Metric",188.435000,-65.302500,90.000000,top
"R516","10k","R_0603_1608Metric",186.895000,-65.302500,-90.000000,top
"R517","10k","R_0603_1608Metric",183.765000,-65.302500,90.000000,top
"R518","2k4","R_0603_1608Metric",182.375000,-55.430000,180.000000,top
"R519","2k4","R_0603_1608Metric",174.095000,-53.040000,180.000000,top
"R520","4k7","R_0603_1608Metric",174.095000,-48.520000,0.000000,top
"R521","4k7","R_0603_1608Metric",186.190000,-48.195000,90.000000,top
"R522","1k","R_0603_1608Metric",182.880000,-35.520000,-90.000000,top
"R523","1k","R_0603_1608Metric",184.410000,-35.520000,90.000000,top
"R524","1k","R_0603_1608Metric",188.150000,-35.520000,-90.000000,top
"R525","10k","R_0603_1608Metric",171.540000,-65.320000,90.000000,top
"R526","1k","R_0603_1608Metric",186.610000,-35.520000,90.000000,top
"R702","10k","R_0603_1608Metric",97.525000,-225.440000,90.000000,top
"R703","10k","R_0603_1608Metric",100.050000,-225.440000,90.000000,top
"R906","220R","R_0603_1608Metric",46.782500,-233.100000,180.000000,top
"RN100","3k3","R_Array_Convex_5x0603",6.450000,-88.390000,90.000000,top
"RN204","3k3","R_Array_Convex_5x0603",199.170000,-198.000000,90.000000,top
"RN205","3k3","R_Array_Convex_5x0603",226.260000,-217.140000,-90.000000,top
"RN208","4k7","R_Array_Convex_5x0603",257.050000,-24.460000,0.000000,top
"RN209","3k3","R_Array_Convex_5x0603",190.550000,-198.010000,90.000000,top
"RN211","10k","R_Array_Convex_5x0603",267.892500,-80.420000,0.000000,top
"RN213","4k7","R_Array_Convex_5x0603",252.670000,-51.910000,0.000000,top
"RN305","1k","R_Array_Convex_5x0603",242.592500,-88.220000,180.000000,top
"RN900","22R","R_Array_Convex_4x0603",146.150000,-94.580000,0.000000,top
"RN901","22R","R_Array_Convex_4x0603",146.150000,-101.480000,0.000000,top
"RN902","22R","R_Array_Convex_4x0603",146.150000,-109.010000,0.000000,top
"RN903","22R","R_Array_Convex_4x0603",146.150000,-116.420000,0.000000,top
"RN904","22R","R_Array_Convex_4x0603",146.150000,-127.300000,0.000000,top
"RN905","22R","R_Array_Convex_4x0603",159.860000,-120.690000,0.000000,top
"RN906","22R","R_Array_Convex_4x0603",146.150000,-136.390000,0.000000,top
"U108","74AHC04","TSSOP-14_4.4x5mm_P0.65mm",73.651200,-16.429200,0.000000,top
"U109","ICE40HX4K-TQ144","LQFP-144_20x20mm_P0.5mm",73.480000,-165.650000,0.000000,top
"U109F1","W25X20CLSN","SOIC-8_3.9x4.9mm_P1.27mm",93.340000,-167.410000,90.000000,top
"U110","ICE40HX4K-TQ144","LQFP-144_20x20mm_P0.5mm",31.590000,-148.500000,0.000000,top
"U110F1","W25X20CLSN","SOIC-8_3.9x4.9mm_P1.27mm",49.400000,-159.920000,90.000000,top
"U111","74LVC16646","SSOP-56_7.5x18.5mm_P0.635mm",70.197500,-211.040000,-90.000000,top
"U112","74LVC16646","SSOP-56_7.5x18.5mm_P0.635mm",70.197500,-197.490000,-90.000000,top
"U200","74LVC2G34","SOT-363_SC-70-6",297.020000,-147.620000,180.000000,top
"U202","Agnus_MULTI","PLCC-84_SMD-Socket",197.800000,-168.760000,-90.000000,top
"U203","8520","DIP-40_W15.24mm_Socket",272.125000,-75.280000,0.000000,top
"U204","8520","DIP-40_W15.24mm_Socket",248.410000,-75.280000,0.000000,top
"U205","AZ75232G","TSSOP-20_4.4x6.5mm_P0.65mm",234.550000,-40.560000,0.000000,top
"U206","MIC1232","SOIC-8_3.9x4.9mm_P1.27mm",87.820000,-229.470000,0.000000,top
"U207","AZ75232G","TSSOP-20_4.4x6.5mm_P0.65mm",223.017500,-40.560000,0.000000,top
"U209","74HCT08","TSSOP-14_4.4x5mm_P0.65mm",248.350000,-67.740000,0.000000,top
"U210","AT27C4096","DIP-40_W15.24mm_Socket",295.550000,-203.810000,-90.000000,top
"U211","AT27C4096","DIP-40_W15.24mm_Socket",295.620000,-180.960000,-90.000000,top
"U212","74HCT74","TSSOP-14_4.4x5mm_P0.65mm",237.877500,-71.180000,0.000000,top
"U213","74HCT00","TSSOP-14_4.4x5mm_P0.65mm",236.350000,-57.965000,0.000000,top
"U214","74LVC244","TSSOP-20_4.4x6.5mm_P0.65mm",11.730000,-150.640000,-90.000000,top
"U215","74HC03","TSSOP-14_4.4x5mm_P0.65mm",213.275000,-90.190000,0.000000,top
"U216","74LVC244","TSSOP-20_4.4x6.5mm_P0.65mm",96.055000,-141.797500,-90.000000,top
"U219","74AHC04","TSSOP-14_4.4x5mm_P0.65mm",154.940000,-156.480000,0.000000,top
"U220","74LVC08","TSSOP-14_4.4x5mm_P0.65mm",278.580000,-132.450000,180.000000,top
"U221","74HCT4066","TSSOP-14_4.4x5mm_P0.65mm",253.073200,-32.599800,-90.000000,top
"U222","74HCT4066","TSSOP-14_4.4x5mm_P0.65mm",264.673800,-31.071900,-90.000000,top
"U223","SST39VF1601C","TSOP-I-48_18.4x12mm_P0.5mm",42.262500,-181.650000,180.000000,top
"U224","74HCT157","TSSOP-16_4.4x5mm_P0.65mm",259.550000,-62.960000,90.000000,top
"U225","USBLC6-2SC6","SOT-23-6",288.610000,-21.680000,90.000000,top
"U226","USBLC6-2SC6","SOT-23-6",293.746840,-21.680000,90.000000,top
"U227","STM32F205VETx","LQFP-100_14x14mm_P0.5mm",279.450000,-39.640000,0.000000,top
"U228","AP2156SG-13","SOIC-8_3.9x4.9mm_P1.27mm",281.695000,-26.215000,90.000000,top
"U229","74CBT16233","SSOP-56_7.5x18.5mm_P0.635mm",168.860000,-162.850000,180.000000,top
"U231","74LVC08","TSSOP-14_4.4x5mm_P0.65mm",278.570000,-139.560000,180.000000,top
"U232","74AHC1G09","SOT-23-5",77.290000,-230.212500,90.000000,top
"U300","8362","DIP-48_W15.24mm",239.250000,-123.295000,-90.000000,top
"U301","74AHCT244","TSSOP-20_4.4x6.5mm_P0.65mm",134.697500,-36.890000,90.000000,top
"U302","74AHCT244","TSSOP-20_4.4x6.5mm_P0.65mm",145.497500,-36.890000,90.000000,top
"U303","74HCT74","TSSOP-14_4.4x5mm_P0.65mm",109.820000,-58.410000,180.000000,top
"U305","74HCT08","TSSOP-14_4.4x5mm_P0.65mm",155.930000,-35.950000,-90.000000,top
"U409","ICE40HX4K-TQ144","LQFP-144_20x20mm_P0.5mm",39.330000,-208.680000,180.000000,top
"U409F1","W25X20CLSN","SOIC-8_3.9x4.9mm_P1.27mm",18.395000,-202.780000,-90.000000,top
"U500","8364","DIP-48_W15.24mm",239.250000,-104.260000,-90.000000,top
"U501","LF347","SOIC-14_3.9x8.7mm_P1.27mm",187.600000,-75.600000,-90.000000,top
"U502","LM833","SOIC-8_3.9x4.9mm_P1.27mm",180.730000,-50.420000,0.000000,top
"U600","AP2114H-3.3","SOT-223-3_TabPin2",296.370000,-76.440000,-90.000000,top
"U601","AP2114H-1.2","SOT-223-3_TabPin2",64.860000,-232.450000,90.000000,top
"U602","LM79L05","SOIC-8_3.9x4.9mm_P1.27mm",110.880000,-77.895000,180.000000,top
"U701","74LVC245","TSSOP-20_4.4x6.5mm_P0.65mm",131.402500,-183.140000,180.000000,top
"U702","74LVC245","TSSOP-20_4.4x6.5mm_P0.65mm",131.610000,-191.670000,180.000000,top
"U703","74LVC245","TSSOP-20_4.4x6.5mm_P0.65mm",154.050000,-218.250000,0.000000,top
"U704","74LVC245","TSSOP-20_4.4x6.5mm_P0.65mm",117.910000,-218.250000,180.000000,top
"U705","74LVC245","TSSOP-20_4.4x6.5mm_P0.65mm",117.910000,-204.720000,180.000000,top
"U706","74LVC245","TSSOP-20_4.4x6.5mm_P0.65mm",154.050000,-204.720000,0.000000,top
"U707","SDRAM(8Mx32)","TSOP-II-86",135.910000,-211.490000,0.000000,top
"U712","ICE40HX4K-TQ144","LQFP-144_20x20mm_P0.5mm",107.367500,-186.390000,0.000000,top
"U712F1","W25X20CLSN","SOIC-8_3.9x4.9mm_P1.27mm",107.225000,-205.890000,0.000000,top
"U800","74LVC2T45","VSSOP-8_2.3x2mm_P0.5mm",26.460000,-114.650000,-90.000000,top
"U806","74LVC245","TSSOP-20_4.4x6.5mm_P0.65mm",168.220000,-179.040000,0.000000,top
"U807","74LVC245","TSSOP-20_4.4x6.5mm_P0.65mm",168.220000,-186.280000,0.000000,top
"U810","74LVC16646","SSOP-56_7.5x18.5mm_P0.635mm",143.150000,-186.052500,0.000000,top
"U812","74LVC245","TSSOP-20_4.4x6.5mm_P0.65mm",53.880000,-141.747500,-90.000000,top
"U813","74LVC245","TSSOP-20_4.4x6.5mm_P0.65mm",62.265000,-141.747500,-90.000000,top
"U814","74LVC245","TSSOP-20_4.4x6.5mm_P0.65mm",47.000000,-128.205000,-90.000000,top
"U815","74LVC08","TSSOP-14_4.4x5mm_P0.65mm",68.020000,-67.375000,-90.000000,top
"U816","74LVC245","TSSOP-20_4.4x6.5mm_P0.65mm",20.555000,-128.207500,-90.000000,top
"U817","74LVC245","TSSOP-20_4.4x6.5mm_P0.65mm",29.000000,-128.205000,-90.000000,top
"U818","74LVC245","TSSOP-20_4.4x6.5mm_P0.65mm",70.670000,-141.747500,-90.000000,top
"U819","74LVC245","TSSOP-20_4.4x6.5mm_P0.65mm",79.065000,-141.747500,-90.000000,top
"U820","74LVC245","TSSOP-20_4.4x6.5mm_P0.65mm",175.652500,-222.280000,0.000000,top
"U821","74LVC245","TSSOP-20_4.4x6.5mm_P0.65mm",175.652500,-213.860000,0.000000,top
"U900","74LVC245","TSSOP-20_4.4x6.5mm_P0.65mm",134.392500,-153.005000,0.000000,top
"U901","74LVC245","TSSOP-20_4.4x6.5mm_P0.65mm",134.392500,-144.165000,0.000000,top
"U902","74LVC245","TSSOP-20_4.4x6.5mm_P0.65mm",134.392500,-135.575000,0.000000,top
"U903","74LVC245","TSSOP-20_4.4x6.5mm_P0.65mm",134.392500,-127.000000,0.000000,top
"U904","74LVC245","TSSOP-20_4.4x6.5mm_P0.65mm",134.392500,-116.586668,0.000000,top
"U905","74LVC245","TSSOP-20_4.4x6.5mm_P0.65mm",134.392500,-97.123334,0.000000,top
"U906","74LVC373","TSSOP-20_4.4x6.5mm_P0.65mm",134.392500,-106.855000,0.000000,top
"U907","74LVC373","TSSOP-20_4.4x6.5mm_P0.65mm",134.392500,-87.391668,0.000000,top
"VC200","2-5pF","TrimmerCap",270.900000,-58.140000,180.000000,top
"X2","33MHz","Oscillator_SMD_ECS_2520MV-xxx-xx-4Pin_2.5x2.0mm",61.704200,-13.555800,0.000000,top
"X3","28.63636MHz","Oscillator_SMD_ECS_2520MV-xxx-xx-4Pin_2.5x2.0mm",18.120000,-211.250000,0.000000,top
"Y1","8MHz","Crystal_SMD_5032-2Pin_5.0x3.2mm",279.710000,-56.250000,180.000000,top
"Y4","32.768KHz","Crystal_SMD_3215-2Pin_3.2x1.5mm",269.650000,-49.640000,0.000000,top
