Reference,Value,Footprint,LCSC,DNP,Part Number,PartNumber
AGNUS1,AGNUS VER,Connector_PinHeader_2.54mm:PinHeader_2x03_P2.54mm_Vertical,C124384,,,
BT2,Battery_Cell,Battery:BatteryHolder_Keystone_103_1x20mm,C238065,,,
"C100,C101,C102,C103,C104,C105,C106,C107,C108,C109,C210,C514",0.01uF,Capacitor_SMD:C_0603_1608Metric,C57112,,,
"C110,C111,C112,C113,C114,C115,C116,C117,C118,C119,C120,C121,C133,C134,C601",220uF,Capacitor_THT:CP_Radial_D6.3mm_P2.50mm,C141282,,,
"C123,C124,C125,C126,C127,C128,C129,C130,C131,C132,C135,C137,C139,C140,C141,C142,C143,C144,C145,C146,C147,C148,C150,C152,C153,C156,C157,C158,C159,C200,C201,C206,C207,C208,C209,C211,C213,C214,C215,C218,C219,C223,C224,C225,C226,C227,C228,C229,C230,C231,C232,C233,C238,C239,C241,C243,C246,C249,C250,C251,C252,C253,C254,C255,C256,C257,C258,C259,C261,C262,C263,C267,C302,C303,C305,C306,C308,C309,C310,C311,C317,C420,C421,C429,C430,C431,C432,C433,C434,C435,C436,C438,C440,C500,C510,C511,C615,C616,C701,C702,C703,C704,C705,C706,C707,C708,C709,C710,C711,C712,C713,C714,C715,C716,C717,C718,C719,C720,C721,C722,C723,C724,C725,C726,C727,C728,C730,C736,C800,C802,C803,C804,C805,C806,C807,C808,C809,C810,C811,C812,C813,C814,C815,C816,C817,C818,C819,C820,C821,C822,C823,C824,C825,C900,C901,C902,C904,C905,C906,C907,C908",0.1uF,Capacitor_SMD:C_0603_1608Metric,C14663,,,
"C136,C138,C149,C151,C437,C439,C729,C735",10uF,Capacitor_SMD:C_0603_1608Metric,C96446,,,
"C202,C203,C204,C205,C512,C513",0.047uF,Capacitor_SMD:C_0603_1608Metric,C1622,,,
C212,1uF,Capacitor_SMD:C_0603_1608Metric,C15849,,,
"C216,C217",68uF,Capacitor_THT:CP_Radial_D5.0mm_P2.00mm,C439891,,,
"C220,C221",13pF,Capacitor_SMD:C_0603_1608Metric,C34243,,,
C222,4.7pF,Capacitor_SMD:C_0603_1608Metric,C282071,,,
"C234,C235,C236",1000pF,Capacitor_SMD:C_0603_1608Metric,C1588,,,
"C237,C240,C520,C521",22uF,Capacitor_THT:CP_Radial_D5.0mm_P2.00mm,C88755,,,
"C300,C506,C508,C509",0.22uF,Capacitor_SMD:C_0603_1608Metric,C21120,,,
"C301,C304,C312,C315,C316",100pF,Capacitor_SMD:C_0603_1608Metric,C14858,,,
C307,47pF,Capacitor_SMD:C_0603_1608Metric,C1671,,,
"C313,C314,C501",470uF,Capacitor_THT:CP_Radial_D10.0mm_P5.00mm,C59353,,,
C507,4.7uF,Capacitor_THT:CP_Radial_D5.0mm_P2.00mm,C88759,,,
"C515,C524",6800pF,Capacitor_SMD:C_0603_1608Metric,C1631,,,
"C516,C517",3900pF,Capacitor_SMD:C_0603_1608Metric,C170145,,,
"C518,C519",330pF,Capacitor_SMD:C_0603_1608Metric,C1664,,,
"C522,C523,C600,C602,C603,C604,C605,C606,C607,C609,C610,C614,C620,C621,C622,C624",47uF,Capacitor_THT:CP_Radial_D5.0mm_P2.00mm,C88724,,,
"C608,C611,C613,C619,C625",10uF,Capacitor_THT:CP_Radial_D5.0mm_P2.00mm,C88726,,,
"C617,C618,C623,C626",4.7uF,Capacitor_SMD:C_0603_1608Metric,C19666,,,
"CN100,CN101,CN102,CN103,CN104",PCI32-5V,AmigaPCI:PCI-5V,C4900616,,,
CN200,DIN41612_03x50,AmigaPCI:DIN41612_C_3x50_Female_Vertical_THT,C3646680,,,
CN201,USB_A_Stacked,AmigaPCI:USB_A_Wuerth_61400826021_Horizontal_Stacked,C5366339,,,
CN202,DB9_Male_Stack,AmigaPCI:DSUB-9_Male_Stack,C5431655,,,
CN203,DB25_Stack_FemaleAndMale,AmigaPCI:DSUB-25_Stack_Female_Bottom_Male_Top,C17554757,,,
CN204,INTERNAL FLOPPY,AmigaPCI:Floppy_PinHeader_2x17_P2.54mm,C2685134,,,
CN205,Case Fan,Connector:FanPinHeader_1x04_P2.54mm_Vertical,C240840,,,Molex 0470531000 or 0470533000
CN206,I2C,Connector_PinHeader_2.54mm:PinHeader_1x04_P2.54mm_Vertical,C124378,,,
CN207,TIMER,Connector_PinHeader_2.54mm:PinHeader_1x04_P2.54mm_Vertical,C124378,,,
CN208,UART,Connector_PinHeader_2.54mm:PinHeader_1x03_P2.54mm_Vertical,C49257,,,
CN209,STM DEBUG,Connector_PinHeader_2.54mm:PinHeader_1x03_P2.54mm_Vertical,C49257,,,
CN210,_KBRST,Connector_PinHeader_2.54mm:PinHeader_1x01_P2.54mm_Horizontal,C42419937,,,
CN227,SWD,Connector_PinHeader_2.54mm:PinHeader_1x06_P2.54mm_Vertical,C37208,,,
CN300,DB15_Female_HighDensity,AmigaPCI:DSUB-15-HD_Female_Horizontal_P2.29x1.98mm_EdgePinOffset8.35mm_Housed_MountingHolesOffset10.89mm,C379814,,,
"CN301,CN302",Video-Slot,AmigaPCI:2x18_P2.54mm_Horizontal,C5173302,,,
CN500,DSP/DVD (RGGL),AmigaPCI:AudioHeader,C306099,,5-103639-3,
CN501,AudioJack,AmigaPCI:Jack_3.5mm_CUI_SJ1-3533NG_Horizontal_CircularHoles,C4992459,,,
CN601,ATX-24,AmigaPCI:Molex_Mini-Fit_Jr_5566-24A_2x12_P4.20mm_Vertical,C114088,,,
CN900,PRIMARY IDE,AmigaPCI:ATA_Header_2x20_P2.54mm,C429965,,,
CN901,SECONDARY IDE,AmigaPCI:ATA_Header_2x20_P2.54mm,C429965,,,
CN_CASE1,CASE HDR,Connector_PinHeader_2.54mm:PinHeader_2x04_P2.54mm_Vertical,C7430400,,,
"D200,D204",1N4148,Diode_SMD:D_SOD-323,C118873,,,
"D201,D202,D301,D400",S1MWF-7,Diode_SMD:D_SOD-123F,C460736,,,
D203,LED,LED_SMD:LED_0603_1608Metric,C2286,,,
D205,BZT52C5V1,Diode_SMD:D_SOD-123,C2117,,,
"D206,D207,D208,D209,D210,D211,D212",ESDS452,AmigaPCI:SOT-23,C37574382,,,
"F1,F2",4A,Fuse:Fuse_1206_3216Metric,C1972812,,,
"FB202,FB300,FB301,FB302,FB500,FB501,FB502",80R,Capacitor_SMD:C_0805_2012Metric,C2762183,,,
J1,_CRCS,TestPoint:TestPoint_Pad_D1.0mm,,,,
J3,_CCAS,TestPoint:TestPoint_Pad_D1.0mm,,,,
J4,_CWE,TestPoint:TestPoint_Pad_D1.0mm,,,,
J5,CLKEN,TestPoint:TestPoint_Pad_D1.0mm,,,,
J6,_CRAS,TestPoint:TestPoint_Pad_D1.0mm,,,,
J11,_REGEN,Connector_PinHeader_2.54mm:PinHeader_1x01_P2.54mm_Vertical,C81276,,,
J200,SHORT FOR DF1,Connector_PinHeader_2.54mm:PinHeader_1x02_P2.54mm_Vertical,C124375,,,
"J201,J202",1-2 AMIGA DRIVES/2-3 PC DRIVES,Connector_PinHeader_2.54mm:PinHeader_1x03_P2.54mm_Vertical,C49257,,,
J203,RAMEN,Jumper:SolderJumper-2_P1.3mm_Bridged_RoundedPad1.0x1.5mm,,,,
J207,TICK,Connector_PinHeader_2.54mm:PinHeader_1x03_P2.54mm_Vertical,C49257,,,
J208,TBASE,Connector_PinHeader_2.54mm:PinHeader_1x03_P2.54mm_Vertical,C49257,,,
J210,RUN/CAL,Connector_PinHeader_2.54mm:PinHeader_1x02_P2.54mm_Vertical,C124375,,,
J211,FLASH_DIS,Connector_PinHeader_2.54mm:PinHeader_2x01_P2.54mm_Vertical,C124375,,,
J212,ROM WAIT,Connector_PinHeader_2.54mm:PinHeader_2x02_P2.54mm_Vertical,C66690,,,
J303,HSYNC/COMPSYNC,Connector_PinHeader_2.54mm:PinHeader_1x03_P2.54mm_Vertical,C49257,,,
J409_TP0,U409_TP,Connector_PinHeader_2.54mm:PinHeader_2x01_P2.54mm_Vertical,C124375,,,
J712_TP0,U712_TP,Connector_PinHeader_2.54mm:PinHeader_1x01_P2.54mm_Vertical,C81276,,,
J900,AUTOBOOT,Connector_PinHeader_2.54mm:PinHeader_2x01_P2.54mm_Vertical,C124375,,,
JATA1,PIO MODES,Connector_PinHeader_2.54mm:PinHeader_2x03_P2.54mm_Vertical,C124384,,,
"Q200,Q300,Q301,Q302,Q303,Q304",MMBT3904,Package_TO_SOT_SMD:SOT-23,C84104,,,
"Q201,Q305,Q502,Q900",MMBT3906,Package_TO_SOT_SMD:SOT-23,C75549,,,
Q202,AO3400A,Package_TO_SOT_SMD:SOT-23,C347475,,,
"Q500,Q501",MMBFJ211,Package_TO_SOT_SMD:SOT-23,C3290016,,,
"R101,R102,R103,R104,R105,R106,R107,R108,R109,R110,R111,R112,R113,R114,R115,R116,R117,R118,R119,R120,R121,R122,R123,R124,R125,R126,R127,R128,R129,R130,R131,R132,R133,R134,R135,R136,R137,R138,R139,R146,R147,R148,R149,R150,R162,R213,R221,R234,R235,R236,R239,R240,R242,R243,R244,R245,R246,R248,R276,R277,R278,R512",2k7,Resistor_SMD:R_0603_1608Metric,C13167,,,
"R140,R141,R142,R143,R144,R145,R215,R216,R217,R219,R220,R270,R271,R272,R273,R274,R275,R282,R283,R284,R285,R307",22R,Resistor_SMD:R_0603_1608Metric,C23345,,,
"R154,R155,R158,R159,R202,R203,R208,R209,R223,R228,R229,R241,R265,R266,R279,R300,R305,R308,R402,R403,R509,R510,R511,R513,R515,R516,R517,R525,R702,R703,R901,R902,R903,R904,R911,R912",10k,Resistor_SMD:R_0603_1608Metric,C25804,,,
"R156,R157,R160,R161,R400,R401,R700,R701",100R,Resistor_SMD:R_0603_1608Metric,C22775,,,
"R201,R329,R337,R344",470R,Resistor_SMD:R_0603_1608Metric,C23179,,,
"R204,R205,R206,R207,R211,R218,R251,R252,R253",68R,Resistor_SMD:R_0603_1608Metric,C25254,,,
"R210,R520,R521",4k7,Resistor_SMD:R_0603_1608Metric,C23162,,,
"R212,R247",200R,Resistor_SMD:R_0603_1608Metric,C8218,,,
"R214,R224,R225,R227,R249,R250,R254,R255,R256,R257,R258,R259,R262,R263,R264,R268,R286,R287,R288,R289,R290,R291,R292,R303,R309,R311,R312,R325,R333,R341,R349,R501,R502,R522,R523,R524,R526,R900",1k,Resistor_SMD:R_0603_1608Metric,C21190,,,
"R222,R226,R230,R231,R232,R233,R237,R238,R301,R304,R313,R314,R315,R316,R317,R318,R319,R320,R321,R322,R323,R324",47R,Resistor_SMD:R_0603_1608Metric,C23182,,,
"R260,R261",5k1,Resistor_SMD:R_0603_1608Metric,C23186,,,
"R267,R280,R281",2k2,Resistor_SMD:R_0603_1608Metric,C4190,,,
"R269,R348,R906",220R,Resistor_SMD:R_0603_1608Metric,C22962,,,
"R302,R500,R503,R504",1R,Resistor_SMD:R_0603_1608Metric,C22936,,,
R310,47R 0.5W,Resistor_SMD:R_0805_2012Metric,C560533,,,
"R326,R334,R342",2k,Resistor_SMD:R_0603_1608Metric,C22975,,,
"R327,R335,R343",3k9,Resistor_SMD:R_0603_1608Metric,C23018,,,
"R328,R336,R363",8k2,Resistor_SMD:R_0603_1608Metric,C25981,,,
"R330,R338,R345",390R,Resistor_SMD:R_0603_1608Metric,C23151,,,
"R331,R332,R339,R340,R346,R347,R352,R362",75R,Resistor_SMD:R_0603_1608Metric,C4275,,,
R350,27k,Resistor_SMD:R_0603_1608Metric,C22967,,,
R351,150R,Resistor_SMD:R_0603_1608Metric,C22808,,,
"R353,R356",37k4,Resistor_SMD:R_0603_1608Metric,C23033,,,
R354,13k3,Resistor_SMD:R_0603_1608Metric,C25952,,,
R355,6k04,Resistor_SMD:R_0603_1608Metric,C25977,,,
R357,91k,Resistor_SMD:R_0603_1608Metric,C23265,,,
R358,19k6,Resistor_SMD:R_0603_1608Metric,C22898,,,
R359,270R,Resistor_SMD:R_0603_1608Metric,C22966,,,
"R360,R361",36R,Resistor_SMD:R_0603_1608Metric,C23148,,,
"R505,R507",750R,Resistor_SMD:R_0603_1608Metric,C23241,,,
R506,1k2,Resistor_SMD:R_0603_1608Metric,C22765,,,
"R508,R514",470k,Resistor_SMD:R_0603_1608Metric,C23178,,,
"R518,R519",2k4,Resistor_SMD:R_0603_1608Metric,C22940,,,
"RN100,RN101,RN200,RN201,RN202,RN203,RN204,RN205,RN206,RN207,RN209",3k3,Resistor_SMD:R_Array_Convex_5x0603,C1731077,,746X101332JP,
"RN208,RN213,RN301,RN302",4k7,Resistor_SMD:R_Array_Convex_5x0603,C728819,,YC158TJR-074K7L,
RN211,10k,Resistor_SMD:R_Array_Convex_5x0603,C309679,,YC158TJR-0710KL,
RN305,1k,Resistor_SMD:R_Array_Convex_5x0603,C1731268,,746X101102JP,
"RN900,RN901,RN902,RN903,RN904,RN905,RN906",22R,Resistor_SMD:R_Array_Convex_4x0603,C12008,,,
"U108,U219",74AHC04,Package_SO:TSSOP-14_4.4x5mm_P0.65mm,C8190,,,
"U109,U110,U409,U712",ICE40HX4K-TQ144,Package_QFP:LQFP-144_20x20mm_P0.5mm,C1521989,,,
"U109F1,U110F1,U409F1,U712F1",W25X20CLSN,Package_SO:SOIC-8_3.9x4.9mm_P1.27mm,C34591,,,
"U111,U112,U810",74LVC16646,Package_SO:SSOP-56_7.5x18.5mm_P0.635mm,C2869631,,,
U200,74LVC2G34,Package_TO_SOT_SMD:SOT-363_SC-70-6,C14461,,,
"U201,U701,U702,U703,U704,U705,U706,U802,U803,U804,U805,U806,U807,U808,U809,U812,U813,U814,U816,U817,U818,U819,U820,U821,U822,U823,U900,U901,U902,U903,U904,U905",74LVC245,Package_SO:TSSOP-20_4.4x6.5mm_P0.65mm,C7848,,,
U202,Agnus_MULTI,Package_LCC:PLCC-84_SMD-Socket,C5445002,,,
"U203,U204",8520,Package_DIP:DIP-40_W15.24mm_Socket,C2332,,,
"U205,U207",AZ75232G,Package_SO:TSSOP-20_4.4x6.5mm_P0.65mm,C444988,,,
U206,MIC1232,Package_SO:SOIC-8_3.9x4.9mm_P1.27mm,C627729,,,
U208,74LVC574,Package_SO:TSSOP-20_4.4x6.5mm_P0.65mm,C7672,,,
"U209,U305",74HCT08,Package_SO:TSSOP-14_4.4x5mm_P0.65mm,C131488,,,
"U210,U211",AT27C4096,Package_DIP:DIP-40_W15.24mm_Socket,C2332,,,
"U212,U303",74HCT74,Package_SO:TSSOP-14_4.4x5mm_P0.65mm,C141335,,,
U213,74HCT00,Package_SO:TSSOP-14_4.4x5mm_P0.65mm,C8206,,,
"U214,U216",74LVC244,Package_SO:TSSOP-20_4.4x6.5mm_P0.65mm,C7668,,,
U215,74HC03,Package_SO:TSSOP-14_4.4x5mm_P0.65mm,C546492,,,
"U220,U231,U815",74LVC08,Package_SO:TSSOP-14_4.4x5mm_P0.65mm,C6053,,,
"U221,U222",74HCT4066,Package_SO:TSSOP-14_4.4x5mm_P0.65mm,C26433,,,
U223,SST39VF1601C,Package_SO:TSOP-I-48_18.4x12mm_P0.5mm,C184156,,,
U224,74HCT157,Package_SO:TSSOP-16_4.4x5mm_P0.65mm,C2674471,,,
"U225,U226",USBLC6-2SC6,Package_TO_SOT_SMD:SOT-23-6,C7519,,,
U227,STM32F205VETx,Package_QFP:LQFP-100_14x14mm_P0.5mm,C81869,,,
U228,AP2156SG-13,Package_SO:SOIC-8_3.9x4.9mm_P1.27mm,C88233,,AP2156SG-13,
U229,74CBT16233,Package_SO:SSOP-56_7.5x18.5mm_P0.635mm,C2674759,,SN74CBT16233DL,
U232,74AHC1G09,Package_TO_SOT_SMD:SOT-23-5,C840099,,,
U300,8362,Package_DIP:DIP-48_W15.24mm,C5510465,,,
"U301,U302",74AHCT244,Package_SO:TSSOP-20_4.4x6.5mm_P0.65mm,C135583,,,
U500,8364,Package_DIP:DIP-48_W15.24mm,C5510465,,,
U501,LF347,Package_SO:SOIC-14_3.9x8.7mm_P1.27mm,C7917,,,
U502,LM833,Package_SO:SOIC-8_3.9x4.9mm_P1.27mm,C127074,,,
U600,AP2114H-3.3,Package_TO_SOT_SMD:SOT-223-3_TabPin2,C150716,,,
U601,AP2114H-1.2,Package_TO_SOT_SMD:SOT-223-3_TabPin2,C94854,,,
U602,LM79L05,Package_SO:SOIC-8_3.9x4.9mm_P1.27mm,C7555,,,
U707,SDRAM(8Mx32),AmigaPCI:TSOP-II-86,C1351836,,,
U800,74LVC2T45,Package_SO:VSSOP-8_2.3x2mm_P0.5mm,C15741,,,
"U906,U907",74LVC373,Package_SO:TSSOP-20_4.4x6.5mm_P0.65mm,C485083,,,
VC200,2-5pF,AmigaPCI:TrimmerCap,C3273284,,GKG5R015,
X2,33MHz,Oscillator:Oscillator_SMD_ECS_2520MV-xxx-xx-4Pin_2.5x2.0mm,C17506154,,,
X3,28.63636MHz,Oscillator:Oscillator_SMD_ECS_2520MV-xxx-xx-4Pin_2.5x2.0mm,C1670933,,,
Y1,8MHz,Crystal:Crystal_SMD_5032-2Pin_5.0x3.2mm,C5564812,,,
Y4,32.768KHz,Crystal:Crystal_SMD_3215-2Pin_3.2x1.5mm,C20340322,,FC-135 32.7680KA-AG0,
